x,y,label
-0.3728910845696101,-0.7937544483061947,1
0.5208457694990425,0.4002230982236662,0
0.4465319664520313,-0.8571702603322751,1
0.853938712399482,0.40687586251248525,1
-0.6856920240491153,-0.4665167347671722,0
-0.8028907761420524,0.3440362967255217,1
-0.8020941508773597,0.10279847870514122,0
0.8914184689951953,0.21531585043601423,1
0.7972462166428149,0.1337368621076178,1
0.32378998774602374,1.073144656105573,1
0.43282682529496475,0.6779455452572835,0
0.9700580576902766,-0.3613885209042297,1
0.8274016051414571,-0.5674601921666924,1
-0.139421334719107,0.9961523401238284,1
1.1899020218442145,0.010019367652217365,1
-0.9032529504595496,0.17550104883141732,0
-0.570624450613912,-1.0462710184303434,1
-0.8737486495182833,0.1764816997672313,0
0.6447112313557978,0.017734867089739453,0
0.3854432842054058,-0.6683046225974587,0
-0.6987742017068821,-0.5106914002843511,1
0.55524627432497,-0.32727883576508343,0
0.5625140785729897,0.5812604674145355,1
0.6960296787169342,0.3802452100508048,0
0.7092739923787856,-0.9025870366721231,1
-0.021598020866223352,-1.1714018863702347,1
-0.5811055136033088,-0.4914714172926674,0
0.8370803840280753,0.4272680606168916,1
-0.867573209854725,0.41929910139193194,1
1.079974482020166,0.3448822655657531,1
0.9162835012905524,0.017911698458445285,0
-0.08529948059904652,0.7983226130007,0
0.8383102554749188,-0.4448996986230277,1
0.8876095863479162,-0.218964784529846,0
-0.16317164210231958,0.704871197019935,0
-0.12494618138215056,-0.8027416739976091,0
1.1859327059099338,-0.02725362046737729,1
-0.06989367024164332,-0.7750384044707158,0
-0.7637218254110127,0.7100108008227883,1
0.10055243883346421,1.16634956076978,1
-0.4984971110185195,-0.78132933289342,1
0.3316117451056272,-0.8209394748239347,1
0.6846074756660958,0.5216427546906655,0
0.5028982291361768,-0.5921001052174102,0
-0.7267821129717936,0.7226350658174366,1
1.0259977024784859,0.004920025352485336,1
-0.33621557180025674,0.80241556837842,0
-0.44075855693409927,-0.9179425963644238,1
-0.006400272130282575,-0.7339015979573883,0
0.7167319825148651,-0.32390664954951787,0
-0.41288797129217547,0.6858059907023708,0
-0.09320336853566835,0.5932843694515382,0
0.7217210533189977,0.7355512668186573,1
0.4134342035992183,0.7434014461056709,1
0.305826547039293,-0.869895666624703,0
-1.1009631340154653,0.03686528647786394,1
0.1924668080045172,0.7839312614898156,0
-0.6906762998534874,0.4220625905112052,0
0.6361785100773033,0.7352587013196435,1
-0.652103223362653,-0.8028063430501022,1
0.2975475589649731,0.7732222306224656,0
-0.38393032066120203,0.6448532732156576,0
-0.8769905326151513,0.46021380202489404,1
-0.9811258114808443,0.5971347211477659,1
0.21076113991911094,0.7426425402781831,0
-0.6995457555921916,0.2812817135699663,0
-0.603062878773539,0.8069000976114371,0
-0.02173810145652104,-0.7852562787119791,0
-0.6651484617797323,0.5584830819280512,0
0.7518205267427773,0.6786322492396453,0
-1.1386978028468542,-0.5128356611613105,1
-0.7730480832200526,0.3893759456057697,0
1.0841003800984934,0.12102638685576109,1
0.5137045515120332,-0.6615814972047176,1
-0.9832791234286403,0.07464444395745473,0
0.784089809082058,0.6258029425542075,1
0.37715478885925435,-0.8561094305345983,1
0.9419179423536115,-0.025118740311942472,0
0.8950495688115889,-0.42758864014013886,1
0.7460316336073457,0.21467623802726787,0
0.6749803604388923,0.8407748613073218,1
-0.42181575972524876,0.6180020883033951,0
-0.6440613862639412,-0.10467799656970592,0
-0.08912116939024525,-0.737334705680552,0
0.9643311534427378,-0.46518629615672663,1
-0.7401114895073345,-0.2614653524775778,0
-0.35358835319270815,0.9588265442069607,1
-0.5836396470676765,0.7899204820189804,1
-0.5326665122478296,-0.6900470949202722,0
-0.6803898087359198,-0.779514110608425,1
-0.7983398966668662,0.21714655662845445,0
-0.9786995507501092,0.2675246447032193,1
-0.4949021275494257,-0.6546785943674424,0
-0.7856784033639628,-0.7433873835193922,1
0.36828990851005344,-0.7628161284329681,0
-0.6044513063970012,-0.6399196286191012,0
-0.26618497872817737,0.9536324529174338,1
0.9566247880425152,-0.0149815246213581,0
-1.1182812292116648,0.15521914707394102,1
0.06097019111326207,-0.8013567762335198,0
0.8371353581494322,-0.2660301080812921,0
-0.9540986200690031,-0.2406777379413717,1
0.8551768709707144,-0.10785816438420669,1
-0.30479019035824306,0.6788757576710713,0
-0.2818107765603682,-0.8355412659687368,1
-1.143507268939389,-0.07224329418650419,1
-0.37943743769573796,-0.844607128130202,0
-0.1921208774892542,-0.8934922060024275,0
-0.1360657219773925,0.7217440705215702,0
0.7622916720511048,-0.5509892557751894,0
1.1212642348532953,0.061083671086806554,1
-0.8008314855649966,0.34359221651039507,1
-0.8698922664412188,-0.4610968840098517,1
-0.7111546318525906,0.793539968982197,1
-0.40719313919826694,0.7242260536579423,0
-0.7392855360446255,0.7080796228795,1
1.0254675214373326,-0.2446684835306993,1
0.8833088237056954,0.5174102770021983,0
-0.7476645507325712,-0.628747736893031,1
-0.5201760555575289,-0.5105509721668697,0
0.6104184204770478,-0.9085758927996478,0
-0.5948847870202598,-0.594642977509388,0
-0.2298390580666347,-0.6485545555642763,0
0.6868313101044967,0.598199604858791,1
0.11604966654271136,0.9104416497345552,0
-0.5594120639661817,0.9054882358153767,1
0.4148503868427396,0.6496484947732136,0
-1.0943147780703775,0.018893765862399735,1
1.1219769065419753,0.08679024810261773,1
-0.5283978670296899,-1.0557869413800578,1
0.9806923455683674,0.2365382315290367,1
-0.7053256978397748,-0.4144833334022833,0
0.3523544787832308,0.6552859263375236,0
-0.36934120873952503,-0.9118597159929847,1
-0.30520989611017824,-0.805332775764015,1
-0.6135867099219208,-0.8773835510593153,1
0.6568366419995837,0.6272905010898672,0
-1.0311088682611902,0.11740640775562228,1
0.8960268353036815,0.1051140415169132,0
0.2461001378399763,0.9806591562406143,1
-0.5830299477877691,-0.5988498600627938,0
0.9914896889546053,0.37457185181679276,1
-0.7167638836392819,0.336094474091217,0
-0.6832462072279596,0.43181139538663843,0
-0.2559674351399328,1.0380723137703034,1
-0.5953527644738975,0.6640721568891699,0
-0.6659428625010799,-0.6353620942427717,1
-0.672864071898218,-0.854987070544729,1
0.10786163772123576,-0.7318632112044863,0
0.6833186190326324,-0.1934623295327602,0
0.775381108304039,-0.23221467044334876,0
0.6480248153516436,-0.42331201747715685,0
0.9857938457875597,0.15371094706491964,1
-0.0722175771259195,1.0878912454969065,1
-0.9641503709509333,-0.32126810402456674,1
-0.3716161977112684,-0.6469694408904446,0
-0.8914035662253962,-0.1347493229072299,1
-0.36834451846548766,0.6525320112727001,0
-1.0667099522107777,-0.35634348899897805,1
-0.6122673583875684,-0.4065007875279549,0
-0.8460138712644385,-0.5622906950875907,1
-0.7154686909818113,-0.2689054526316826,0
-0.1296493303915681,-0.9143125657525665,1
-0.251696424652703,-0.7412932800212474,0
-0.8944788602779382,0.3340090783982632,1
0.17170550658034617,-0.8805521090046682,1
0.5096968228239216,-0.604950425496591,0
-0.02476469846754445,-0.7915671832215522,0
0.8017773259419692,-0.596278275700723,1
-0.6972216295452361,-0.4120464986233171,0
0.640489607244801,0.4105819974018977,1
0.19693916471619632,0.8652678906996771,0
0.8620345993594629,-0.3869656760028659,1
0.6737963120202084,0.7109662296665299,1
0.5329896802235263,-0.42241319456335535,0
-0.014742928896198576,0.9192590745871657,0
0.33315614744764,0.5064495587047366,0
0.7081619389216248,-0.8683850758610505,1
0.20608298664551536,0.9819208027152413,1
-0.6456251673245019,-0.552239695684028,0
-0.8302471022090367,0.07475308729844712,0
0.7251170754218479,0.18784751310592282,0
-0.7696872928021739,-0.48410544620928414,1
0.8660603184953557,-0.47010844069099045,1
0.7052572654834798,0.30928725633721754,0
-0.853859339715341,0.35560649820573365,1
1.1782822995528257,0.06658529209704316,1
-0.25887429932031536,-0.9647238743384199,1
0.7520612473916735,0.5390815794076915,1
0.2246082606453664,0.7193932383659403,0
0.3676349074709941,0.6462682593278603,0
0.03155500893964536,1.010193439274079,1
-0.12211787666851273,1.1099162985920787,1
-0.7205555816615612,0.21233284475284825,0
-0.07226510900062366,0.939501871066335,1
-1.21822551597745,-0.16104596158088882,1
1.0177130822292249,-0.07535936198165946,1
0.041214891891290614,-0.8342915523868639,0
0.7413069151026549,0.3228699416777018,0
0.380372441401964,0.5656451702289667,0
-0.8274052163116216,0.3596086848021345,0
0.45289756009114146,-0.5494220716240175,0
0.8206904033021011,0.4944572839352893,1
-0.36327885905668067,-0.6832749904823766,0
-0.4317502430033133,0.6019065220070123,0
0.8018128628161905,-0.04502678072323485,0
-0.5984730109752042,-0.8174624677375946,1
-1.0219193757642635,-0.11165815325915718,1
-0.3911337071469923,-0.7581333513498857,0
-0.4050494359613366,1.1763212956750302,1
0.4321240847777993,-0.7366930757018777,0
1.0177513609537912,0.05311273108736427,1
-0.7814182513595274,-0.3986905826971827,1
-0.48048440749102916,0.7172763143286651,0
0.7824941473329369,-0.9355080929381219,1
0.8752388174042438,0.31141803261348605,1
-0.6934935530734612,-0.560331914704049,1
0.618022340420046,0.4659019204743704,0
-0.19571525261933959,-0.6147156530439426,0
-1.0588976284157898,-0.24042221860853058,1
0.08187937483529606,0.8900969791610681,1
1.0334189761778276,-0.23001672883253624,1
-0.5074010800754472,-0.6133980600977601,0
0.289824948313285,0.9436242944009261,1
0.0625712898007498,-0.8446648925446401,0
0.030583818989219164,-1.1208594719573501,1
0.9478111474555787,-0.14967549011004133,1
0.8147368200359959,-0.23746110616966026,0
-0.8380660340451421,-0.15292205544858145,0
0.024782587714513124,1.0508204268370014,1
0.15795777941543687,-1.0811014768041542,1
0.16767074081928116,0.7484716317961427,0
0.187838690229608,-1.0211550952143944,1
-0.02868776004280349,-0.8809926402187047,0
-0.5629788930465371,0.9400401422058622,1
-0.1567421345823558,0.7420859544486735,0
0.4958656446195452,0.6489341209533216,0
-0.6842402116348477,0.6758698827732106,1
-1.0250477628450183,-0.29833269609924656,1
-0.7426555414847336,0.2797439987015935,0
0.14297888316487997,-1.040608783205273,1
0.8048222816491979,0.20181192174650664,0
0.8999192706797245,0.7467381062109884,1
0.11351696699493356,-1.0656806190554382,1
0.7358410605732753,-0.561166832360172,1
-0.1893291041652558,-1.019095179140736,1
0.2588223549626948,-0.6287317802386025,0
0.32854279757830873,0.8816549398695077,1
-1.0597754783254656,-0.367657262998051,1
0.7284606332010137,-0.9018212537040726,1
-0.7922157984523077,0.8053238853935039,1
0.6175482652139958,-0.038317240216643095,0
0.5665315399215641,0.7159405717106578,1
-1.0181199457255925,-0.04629441284353003,1
-0.4082501009258496,0.5973871574617798,0
0.27739017983787945,-0.9140616704826833,1
0.6234944433821733,-0.5521646496535375,0
-0.8484508478861139,-0.6120782508738406,1
-0.4760057988644663,0.9229845005714192,1
-0.7530527853667336,0.17412738340655343,0
-0.5203973689844154,-0.7771011297012037,1
-0.21463577831134067,0.669377754789888,0
0.4327909928506342,-0.4917905336920323,0
0.4834651246461326,0.7425761627918719,1
0.22443411440007113,0.7888918939170614,0
-0.5235760448763966,0.7476831532863197,1
-1.1674663226091258,-0.4715808260806673,1
-0.6632970580992303,-0.5630867495309412,1
0.9282462497313817,0.2166214610383551,1
0.48848245323178013,0.9396835996336587,1
-0.7822995372227809,-0.42030319851612347,1
0.8350244022958591,0.1420892297083505,0
0.4665416270994205,0.6710984503777165,0
0.82022911271818,-0.22254163810235422,0
0.028218317531929535,-1.138538513624246,1
-0.9919239119020088,0.5858476284017009,1
-0.03622883359727603,1.0391860028624098,1
0.34768563678461445,-0.9688124227456153,1
0.8031239415033281,-0.1886550434453748,1
-0.6189716582623912,-0.46981581557225893,0
0.37460771629402306,0.6759568654288565,0
0.5821816585479966,-0.2306759728479564,0
0.8057990654235114,0.49390567135651875,1
-0.8547307656052887,-0.14796829392605207,0
0.5871820431377898,-0.558525731286581,0
-0.5337580973256939,-0.7153572125127887,0
-0.8651908831882902,0.7250026034892538,1
-0.672177512899127,0.6351523070001655,1
-0.44237549238597557,-0.981941900838111,1
0.025757131695710325,0.7680085682544641,0
0.9781483151449937,-0.4293228040156511,1
0.129492218170126,-0.7350054540365075,0
0.8335239524863802,-0.770077901083229,1
-0.04549410139146272,0.817588647059109,0
-0.3445908323876529,-0.9181377913062615,1
1.0919901893750403,0.0007301215236958092,1
-0.5079728098898366,-0.8921434213246535,1
0.788202557732695,-0.6876314011967102,1
1.109469352137903,-0.02137682939883756,1
0.9646243532221983,-0.28327254641853766,1
0.06587549113914627,0.805990222379209,0
-0.14036077669478184,0.7756979027934903,0
-0.7182413393030465,-0.14155634560638097,0
0.4178502028208065,-0.6153001610616493,0
0.8198047214256607,0.7042123579647703,1
-0.8954622895684318,0.7027304629655596,1
0.7443905718953495,0.3866138228015492,0
-0.152640913718094,0.9350650475610067,1
0.0288193270553671,0.910874183277966,0
-0.9104244389576703,-0.08054100927268464,0
-0.4430912589167958,0.5451695270363479,0
0.663578094696069,-0.6458232314412027,0
-0.3330524246336718,0.9131323851949992,1
0.8354101454843529,-0.45419840125859273,1
-0.9379242505949204,0.03267350021946497,0
0.69840837222782,0.4764124924145409,0
0.6997490816540713,-0.48737905040601953,0
-0.252907774224048,0.7329333987507616,0
0.3805902249030383,0.6513249748667991,0
0.12509154217594354,0.8157343433691575,0
-0.5882585033719593,-0.8821528836292295,1
0.5480686620715699,-0.4293091174893599,0
0.1897579008086826,-0.84041975659968,0
-0.8035949402941429,0.32268434464914714,0
-0.12059712347533959,0.9429234613199536,1
0.9351475719949013,-0.3344053942111951,1
-0.8271751665570525,-0.11862967428369425,0
0.3383235485869162,0.9128950089232782,1
0.3225065845198176,-0.8206074210101882,1
-0.46312028329875804,-0.6852733553642469,0
-0.6333121050652333,0.8074292000528331,1
-0.5429592995060073,-1.0162112583019,1
0.16794765486500476,0.6930580666375532,1
1.0582092108411205,-0.009541515827157551,1
0.7961700461847417,-0.309193412835943,0
-0.9757957281507779,-0.17397362172411282,0
-1.007991828548869,-0.1826416382175586,1
-0.7666717809990766,-0.43454489089856596,1
-0.2697756136279247,0.6427605249202857,0
0.6940636684248012,0.47820505172844796,0
-0.899930010222404,-0.10822876044531837,0
0.09647325347181959,-1.1377621397344613,1
-0.8980742887197924,-0.10641358636951892,0
0.7671765341120147,-0.3569494072014916,1
-0.7495915761471366,0.6822946586036553,1
0.250589499874716,0.9887927050857067,1
0.7182424757115625,0.10455354339032513,0
-0.560744208242907,0.3822115104933419,0
-0.9544556366018003,-0.35492437817719197,1
0.4333235900711788,0.670525934059377,0
-0.7194131072047127,-0.2032047647515171,0
-0.7028094710968481,-0.6998137942689842,1
-0.43305734752582764,0.42429320781461966,0
-0.07541362499861376,0.9176180579716747,0
-0.7913263888741465,0.25633635100290497,0
0.6287087727950869,0.4548430637322974,0
-0.4515096511498875,0.8911666919244027,1
-0.9225815046191745,0.44406649546049815,1
0.4357948316490927,1.0198266038336832,1
0.8908171345248987,-0.19937948324887472,0
1.013077904383273,0.18737825985708956,1
0.4684360927395125,-0.6710050889428331,0
-0.7185827493513234,0.06056206420132587,0
0.18079720882888145,1.030760382806979,1
-0.29891438196048387,-0.6801967197328564,0
-0.6920105286169158,-0.34795370938443804,0
0.3172711570975644,-0.8542516954117855,0
-0.1873743553727761,-0.8112546196903845,0
-0.2563438482574796,0.814650949671812,1
-0.691693311225506,-0.5376761100997279,0
0.057680675850585644,-0.7867450469273275,0
-0.9127922228472859,0.027445935582185953,1
0.007754529085767389,-0.7881420057829549,0
-0.44028477360286167,0.43999232257286025,0
0.5658806899139175,-0.7181190911905939,0
0.048750990243797816,-0.8451454476423101,0
0.8242360721341033,-0.6349638774099722,0
-0.9967995259606012,0.07718000198189995,1
-0.7459336534963409,0.41157769468785826,0
0.17639995546117282,1.1737717261090694,1
-0.29462770238058544,0.6481042636557277,0
0.6634242954121582,-0.44191842752163135,0
0.6963436000815366,-0.4488942364234503,0
0.3990518357342073,0.728036068405332,0
-0.7786646062525562,-0.13877765816143595,0
0.09724052591964039,-1.1003309259247545,1
-0.9425622896452487,0.4857433729023272,1
0.4939973097077266,-1.0361109646321573,1
-0.5527458811424765,-0.6276077949965222,0
-0.36720965258964977,0.7878207885733899,0
-0.8183810294677126,-0.16917820264341918,1
0.17789830364753498,-0.6276002877146512,0
0.7853313567306431,-0.3122018647777719,1
-0.82255254410192,-0.4381269390542647,0
-0.6371418887132103,0.4292564121170411,0
-0.1656981441784777,-0.8760901828490907,0
0.7142133771752733,-0.34935298096921785,1
-0.5313573564618831,0.6977917327021648,0
-0.8313123288682445,-0.22464142851768307,0
-0.21779577372349984,-0.9168018803792137,0
-0.6252282784718607,0.879928367590171,1
-0.14256063933066593,0.6474533393583929,0
-0.8005431619074677,0.28112930952855475,0
0.654709009198104,-0.8484568313960639,1
-0.7122243303368209,-0.2637133512921769,0
-0.8233829296775138,0.8131626416998231,1
-0.7363573767364647,0.6194747882886293,1
-0.035943542483237265,1.0736936795010366,1
1.0732255071962125,-0.09598535246690493,1
0.7818978687009076,-0.39094161875396294,0
0.01608874191558682,-0.8437767259172931,0
-0.9074326431281162,0.14478167527401675,0
-0.6449873446816108,-0.43769946829719336,0
-0.3202481517934472,0.7418062199940842,0
-0.5450590838279407,0.9444489653708728,1
-0.5343100149582638,-0.6610572905842849,0
0.45811487815505475,-0.7245612252772009,0
0.6330211831450437,0.5879435625280561,0
-0.5647711615322282,-0.4906582443690455,0
-0.8537032726262652,0.5720692050207918,1
0.004092587480044374,0.8225173086875688,0
-0.7699799138207342,-0.5797941367573536,1
0.7031987444615055,0.758640838630261,1
0.28559240113425755,0.6643454364056516,0
-0.20276931632833078,-0.6177437036623115,0
-0.4823101024103158,-0.34469040314844324,0
0.6279736741396673,0.8754284931558584,1
-1.1927891156676862,-0.017750906628179183,1
-0.38960606225008476,1.0993676456759718,1
0.561029124508297,-0.6094317348797608,0
-0.16844406345106958,-0.9084090333223729,1
0.1330732260381221,0.6595482752298671,0
0.013687199456644518,0.9041705995679858,1
0.9493389054258229,-0.7128978176352363,1
0.05269178292498622,-0.8978254489078575,1
0.15619732095293803,-0.6487340992770128,0
-0.2338856665874138,0.6134800170022685,0
-0.7772285813787982,0.06260695118620033,0
-0.5284628078595881,-0.30911151056720143,0
-0.6111349887989713,-0.511317008100846,0
-0.6163123640422463,-0.11316625791314737,0
0.22015967173117174,0.6714125211959637,0
0.8086224187048237,-0.1525673387230821,0
0.0913292901115024,-1.0493050493451679,1
0.1643789982138768,0.7428260329124426,0
-0.37859301654378363,-0.9739832575342919,1
-0.5762289394750136,0.7640286614212155,0
0.1583383241092769,-0.7638652807844172,0
0.9954679899579995,-0.2496687400383153,1
0.5419701035174801,0.6674352968557163,0
0.588974040709609,0.4995311691035229,0
-0.4586914514818527,-0.8862967880981165,0
-0.7153030021924541,-0.0925050506843181,0
-0.3229485321601687,0.9088041665827578,0
-0.5312851182750603,-0.7663464202974101,1
0.09966291563304111,-0.9546362506217025,1
-1.0000320006591068,0.16165686151915754,1
0.7516928975917984,0.5241443673524232,1
0.9514513791966449,0.21824858655943222,1
-0.6501079681609345,0.555062959511624,1
-0.030145902361586402,0.8503352472148975,1
-0.6681546143051491,-0.37751039223478394,1
-0.46177370818180585,-1.0048017332926784,1
0.7179769820034844,0.6964492359601816,1
-0.9145021469143866,-0.14639311638412283,1
0.6662307271935111,0.15903212809741918,0
0.29899207815063866,-0.9329533098608226,1
-0.6192235715716647,0.322780255652911,0
0.3775936654511221,1.1435667973761563,1
-0.7207610210302182,-0.7854098281494388,1
-0.0011357315541388258,-0.9791903911845479,0
0.7711235169744494,-0.8406090034297435,1
0.643169203962915,-0.4203926012390082,0
0.7580704548866213,0.15722260211681494,0
-0.6957709024634302,-0.1777962198129918,0
-0.7299372184586618,0.394181661309567,1
-0.6026500355557436,-0.6682925097486172,1
-0.4293117922340825,0.5870615332368176,0
-0.7348683108936563,0.44838435024218964,1
0.5695037039934066,0.7031444256668693,1
0.5059228726783928,-0.5317254271316288,0
-0.83174961190866,-0.24291274592797035,0
0.3457536345732854,0.7370148645466705,0
-0.723667688413866,0.5395197331970712,0
0.511002640860835,0.5458047485012943,0
-0.5159458953797366,-0.5920861019137236,0
-0.7622674537199456,0.7896458444675819,1
-0.5712849206897692,-0.7366509349050252,0
0.6261892870328676,-0.5500081572837823,1
-0.6396533757015912,0.005924033106701792,0
0.8558804216994901,-0.5265448424725008,1
-1.0589343003011527,-0.16699904987028927,1
-0.03847055865792706,-0.8465740775809508,1
-0.5602409168053727,-0.5071882127083259,0
-0.8414233282166714,0.5557909928250121,0
1.1533151588818773,-0.2298617161600502,1
-0.5493046028129014,0.9406552691679501,1
-0.4941914854884424,0.7323566799239986,0
-0.8375524664449991,-0.30301057751096916,0
0.8082642445529136,-0.15701032093880904,0
0.10424865748358231,0.9687433436834076,1
0.3754920652077955,0.8763761486138761,1
0.9830749782630699,0.056789103232842156,0
-0.8699485802721257,-0.5450278641887543,1
-0.4195002016802244,1.0273835570891048,1
-0.13906802040247765,0.927484013652936,1
-0.2945833299026875,-0.9661866757671705,1
1.0276633912694686,-0.2605898433212629,1
0.607394584200272,-0.615371487619234,0
0.7726286714886225,0.6080563167638373,1
0.810220444472175,0.07650043441149942,0
0.6700572821243026,0.496074195816903,1
0.807096382781802,-0.04632933677572103,0
1.0294357029364332,-0.08692344793596588,1
0.37218950827380465,-0.7382932286667061,1
-0.88880799534038,0.30793879411429703,1
-0.929881356571319,0.4781091180236309,1
0.6016428296152844,0.4334898826193858,0
0.8268068779456326,-0.20762242453160362,0
0.6838435603070291,-0.5864424307271725,0
1.0593457080371862,0.33592159687427153,1
0.6968893611203111,-0.8654704840933196,1
-0.9925102213188379,0.043050506469576616,1
1.0885424869208082,0.405589702045196,1
0.8006129618036033,-0.7147214233085586,1
-0.5393197380178691,0.32909072046973453,0
0.6926113869912588,-0.5692180500382277,1
-0.6765327524055651,0.050156427421296265,1
-0.962039654148135,0.4617463179183085,1
0.34981354406641596,-0.6399441526994869,0
-0.6484808989313606,0.833495117483712,1
0.4938299433790768,0.5826363356469035,0
0.5066887000847132,-0.6919141305946023,1
0.12874051553394059,0.6732549236422565,0
-0.45032998905118504,0.5675829006057566,0
0.7685805328233359,0.17125893631818104,0
0.3447682519260457,-0.8454791982001985,0
-0.8245348241394608,0.37525513312862,1
1.1227729126129602,0.21061908865850468,1
0.8445590318261705,0.2164575052960553,0
-0.9419935062541887,0.04468630195161044,1
0.9510995867765077,0.5098655375719299,1
0.34274318264651227,0.8028513865320913,1
-0.39517678629156755,0.7951910494754396,1
-0.3030692658791475,-1.028611264498481,1
-0.1711606978026251,-0.9309117208859884,0
0.2887204096584222,1.005481946850432,1
-0.340532189390205,0.6892152917373824,0
0.27838866994311434,-0.6956239024920299,0
-0.021004536076613456,1.0289034325051913,1
0.6573335285866018,-0.7250355509159597,1
0.47475616583343927,-0.5086030665191227,0
-1.0083367744402691,0.29830660815421906,1
-0.6636020060497743,-0.5106912544553462,0
0.5433774863647115,0.820352472765716,1
0.9614814652147133,0.06094945729462763,1
0.4475787681851841,0.7904124931695953,1
0.7141611194848225,0.19459569039332467,0
-0.253305703816885,0.6250782408202131,0
0.16853495876369973,-0.9235788607727191,0
0.8349568761863937,0.47880966435805483,1
-0.043616661838954754,-0.7162190440014193,0
0.709774000125385,-0.32458286255318125,0
-0.9541272771499212,-0.4918971058832132,1
-0.7328044844022784,0.3973369095965894,0
1.0198236861846985,-0.36749778371064273,1
-0.0037538206920150405,0.7627852666562965,0
-0.3944445062602091,-0.9865443758077199,1
0.5242505417844385,0.7962766341816754,1
0.37079411487214115,-0.4419851330260106,0
0.8199780357740369,0.670634502445616,1
-0.90362966231726,-0.07538730925279412,1
-0.4075334058200213,-0.6721741192205124,0
-0.4703021818556245,0.8523274606922912,1
-0.6945608647466536,-0.576360665974801,1
-0.22802691294787839,-0.6964631199004194,0
-0.4009014944384212,0.5057408491177036,0
0.16406117237027848,0.822889322370046,1
1.0930586638790631,-0.1554211883489754,1
0.18859413244904932,0.8040810414034613,0
-0.31567612024922065,-0.7739901861934828,0
0.029421730056965772,-1.013156950205053,1
-0.7364973802479049,-0.7303258519574228,1
0.19972206415806665,-0.7005107802210907,0
0.40756431658425873,-0.9658997164277636,1
-0.5164529305503265,-0.9177070068593827,1
0.14181173550511442,0.9237332301389248,0
0.3976093773464255,0.4006168496742497,0
0.16789481176263682,0.5878110140055157,0
0.6903433902928829,-0.1295684468556891,0
-0.8232235069454708,-0.3814182346587685,0
0.8416549958224077,-0.4606289881025222,1
0.7966898306990783,0.31041870660316057,0
-0.7115539386573377,0.34567444680711484,0
-0.862602476851408,-0.09486870926281837,1
0.643144356524084,-0.9014691231784002,1
-0.2672963194364798,-0.6429794542611157,0
0.7488884711131191,-0.2803927445792765,0
0.10994791957467273,0.7148443842847674,0
0.640698908251341,0.301747852507839,0
0.3865184655064508,0.8498210179738427,1
-0.36650929920394804,0.7651665863513794,1
-0.9240930143971621,-0.10375303353021008,0
0.158435173666063,-0.87881276005171,1
-0.918601155637717,-0.10742348912185544,1
-0.7557410650714022,-0.2771209731748997,0
0.06741800774111635,-1.084244694948799,1
0.919571992284324,-0.34668917585556813,1
-1.0109304971982427,0.04257051210487378,1
-0.3362939231011297,0.7134907620379257,0
0.9735778269063711,0.18273892521523022,1
-0.9165037340156362,0.31505164974911337,1
0.6545863481469506,-1.0198076086855092,1
-0.5548439824486074,-0.6247947039602951,0
-0.533815381916882,-0.7210169146913231,1
-0.6405120157951323,0.5957211415982973,0
-0.084843473242392,0.951090023688488,1
-1.1940427289329683,0.4041235761526367,1
0.8410672097460213,0.1981271800914151,1
0.1401396450681418,0.8847772368232196,0
-0.3736667751991041,0.6303206803216236,0
-0.3269335581916044,-0.694374607267508,0
-0.2784189590708491,0.7233906359253761,1
0.8375636299917543,0.25822877359874613,0
0.1950159559729652,0.8638648763668836,1
-0.563688018702108,0.461089743431522,0
0.8016248352480926,0.582906504867328,0
-0.30481394948155355,1.041839725552368,1
-0.8882013583163854,0.10046596754221931,0
-0.7996749502370083,-0.028294659524552276,0
0.9522862315214736,0.007025103438782328,0
-0.531929655153177,0.662421026115905,1
0.9799314043084729,-0.04453632679460985,1
-0.8763178538893968,0.5582451247708667,0
-0.9071327397258115,-0.6059068984768613,1
-1.0838257346604094,-0.3210107628288322,1
1.0062374118840614,0.0551903736227642,1
-0.24630534321648703,-0.888311771732961,1
-0.7269249030864529,0.28065380227979,0
-0.3621216969396372,0.7137445324433932,1
-0.21776531981308994,-0.812085620495169,0
-0.924303069252832,0.148761982880489,0
0.8445966166155178,-0.3634190466051207,0
0.2933906557656682,1.0110841831131583,1
0.9999386654244476,0.13727853629178713,0
-0.5618221967489788,-0.6129666848536107,0
-0.25606783544996264,-0.9171444589573362,1
0.48539040176406745,0.7323174957180733,1
0.08944221003056319,-0.6694195033754022,0
1.0342314779347745,-0.1894880169556649,1
-0.444977521190961,0.9945141375941018,1
-0.5863497915999198,-0.7171092976802733,0
-0.016789190936397073,-1.1669850482021618,1
0.6244375637164679,-0.6161796987890171,0
0.7319741861644082,0.5664598841198816,0
0.034526614401649475,-0.8487724289152757,0
-0.9545544683220477,-0.14044890363821005,1
0.8123835807738241,0.7756331835667396,1
0.8622113882531809,0.6118761089196801,1
0.04428496173931092,0.8685625103818757,0
0.6466920767605756,-0.43515166380911996,0
-0.9131234117531275,-0.5506354726970167,1
-1.001287341726516,-0.16287635768943398,1
0.6316616703351933,-0.45571653391538924,0
-0.11705006663416322,0.7644028648549812,0
-0.5615043146763137,0.7718295082268051,1
0.036798852054871024,-0.738468676638667,0
0.6205750787067398,-0.4446992386327624,0
0.925838273193348,0.34530388145309954,1
-0.34189840765709434,-0.6700441835787655,0
0.8742289192182062,0.7052749392945368,1
0.8240714731939471,0.33516420225315957,1
-0.9920336184694039,0.05945199120961425,1
0.08605325908587501,0.909104414903406,1
0.46921759821124054,-0.6078836601813604,0
-0.9416151753360125,-0.05876605783489729,0
0.6120846461401086,-0.02285056880165076,0
-0.20387323588605522,1.009209014899278,1
0.841363443417354,-0.7562797129978083,1
-0.8314344869604668,0.578466757491578,1
0.9433906932014842,-0.4216507715018719,1
-0.8199960637402439,-0.2860535514570998,0
0.6439999503302083,0.09035907921736641,0
0.7497444414683894,0.3693514004810427,0
0.7061038841009744,-0.5619988149583133,1
-1.0511287445981998,0.27525271454991374,1
-0.48465948396299646,-0.4982889229721892,0
-1.0148551335909675,0.36301941516907943,1
-0.6305044967563342,0.12216515045753851,0
-0.08420828788640804,-0.8050518939107661,0
0.6839787262060073,0.2675920600384172,0
-0.8108170886906108,0.5616999207358866,0
-0.08436451023988475,0.7148427653091216,0
-0.14277156800994173,-0.884691379790162,1
0.278012881491379,-0.5657365333454114,0
0.396876257809765,0.738801131424239,0
0.19296832016276627,-0.8448792860806404,1
0.340365568573699,0.7592415931143643,0
-0.8131264361249619,0.12020709305350437,0
0.13184109896965807,-1.0354797549812575,1
0.24768026153267053,0.6416902322061665,0
-0.20421263749997454,0.7283878113012587,1
0.6478255507018141,0.504104770780901,1
0.8399395269788179,-0.6494014703129003,1
-0.14373903752766462,0.6910443493973694,0
-0.657953756794642,-0.7809766209209578,1
-0.09808548852645356,0.9214959540605221,0
0.9789184830368748,0.33391920541663905,1
0.9811456879984133,-0.25144062582320925,1
0.8026705194555815,0.18312641358771625,0
0.5511243565435819,0.8343549784290583,1
0.806492189550781,0.20125518091956246,0
0.20059707324453618,0.9064772579748687,1
0.987185516315419,-0.4576969714112771,1
0.4531568687143492,0.9785003215716217,1
-0.6520614694711012,-0.6300465580993314,1
0.835019952393369,0.27720233285385326,0
-0.29189850233613873,0.8109663512781484,0
0.603847539959401,0.5587979348507011,0
0.10670194341101305,-0.6909347590615782,0
0.22663960101081482,0.8689267080054003,1
0.3756627501972682,-0.9423183202573058,1
0.8922460854789176,0.5080678110513004,1
-0.9807593331746546,0.30122534563618975,1
-0.16328299645798083,-1.0125541050687343,1
0.5992699962844594,-0.6399491494413327,1
-0.9364929591316417,0.0026133460825367716,0
-0.36456111338027886,-0.9237504582039029,1
-0.5832200532469208,-0.5434610553672272,0
-0.613089302910302,-0.8302469757490611,1
-0.12937535234664557,-0.9568400782681294,1
-0.6695249516913879,-0.5227721764190112,1
-0.1878514588677918,0.8511816803097763,0
0.5232409663284913,-0.5502241027990885,0
-0.06004012269325881,0.9247559329289672,1
-0.5459655429815473,-0.37443462095822466,0
-0.13295388361471294,-0.6882040636781005,0
-0.5610656964620263,0.33794096793041833,0
0.9577391489276229,-0.35913897820462143,1
-0.4952509793828981,-0.941344846618327,1
0.5403355158195992,0.9892989211321503,1
-0.6336111412819503,0.7036486683271228,1
-1.0575479503896144,0.2510390257873508,1
-0.6988119472206995,0.7021509466413788,1
-0.8723698544406658,0.09514826339853136,0
0.7776954333314202,0.13654293370819232,0
-0.9732527681775162,-0.2848572967735381,1
-0.5717144914204766,0.8427921996380043,1
-0.9335651855383179,-0.6133934899509397,1
-0.9242157712172776,0.009104241897485444,0
-0.08218190967635589,-0.7486554106803187,0
0.016503848008581623,1.0100862800038544,1
0.4292649109575679,-0.5592698504634112,0
-0.849483773523279,-0.4298388605603283,1
0.4485207408911965,0.45509611783539694,0
-0.35519580271001444,-0.6526888546220725,0
-0.6782309909956217,-0.6695981924644927,1
0.49341371813693713,0.5607855142610464,0
0.22525749862097003,1.068563156736849,1
-0.6539419266104918,0.07736483807786382,0
0.29212559040332675,-0.8222307437964168,1
0.16155742186414723,0.7641707702021462,0
-0.25168297233919024,1.047511440938082,1
0.9109552784378564,-0.016845065196512216,1
0.6526937108506241,-0.8667850165061587,1
-0.28255002982461563,0.8509116144585454,0
0.3180564830986417,-0.6952370124678736,0
-0.011965587540812533,-0.7016564355041232,0
0.3315262645840686,0.7639603640432843,0
0.6066433150131574,-0.813221228309291,1
0.14328706447404502,0.7897205682401437,0
-0.8885228727475927,0.18970746626112,0
-0.35542026763028733,-0.9277767645678037,0
-0.8435251346607181,-0.6254155238634892,1
0.27981431379927124,0.8695489924634355,0
0.7280700005427807,0.7619846593936724,1
-0.7345589862394616,0.46440413190235746,0
0.6405407970504933,-1.0397724742937526,1
1.0408439399329892,-0.08685819578701401,1
-0.6920060050818635,0.22520211842880467,0
-0.07284420325297103,-0.6869218710402565,0
0.8005744941428818,-0.0006436522743146073,0
0.7737310839062417,-0.21526512957724345,0
0.9169296980434839,0.6201169419383687,1
0.8463519429858986,0.18471198042014994,0
-0.6424923966034131,0.6232902321028077,0
-0.12859193913977535,1.0209882636511438,1
-0.6790663779460848,0.11996430398813852,0
1.0311656956050592,-0.2633876362181079,1
-0.0900879953115459,-0.5455982678446865,0
0.9412815088200052,-0.6377446699303282,1
-0.8442173720598503,0.4855792626638372,1
-0.2799924728959582,0.896667379355118,1
-0.9819972310259221,-1.0805390236547212,1
0.9264548081877877,0.4079031979896012,1
0.41261774459066713,0.8651489554352481,1
0.9212262001924673,-0.3848300891739407,0
-0.8306231589782879,0.7591062404483073,1
0.3873235296250549,-1.1712453452035674,1
-0.458097926170711,-0.8518005246609066,0
-0.333868490179032,-0.8506498133743265,1
-0.4778610407941136,-0.37738330302436274,0
-0.8146566292744266,-0.1628708485140782,0
0.50409798167019,-0.793359534192862,1
-0.6413141001396068,-0.4020687261364887,0
0.7916712716803701,-0.20453342306992295,0
0.6509678773585095,-0.5391605379252893,0
0.49899616594926066,0.5996131266017186,0
-0.1258348697319917,-0.7238913409979555,0
0.6242134881057502,0.5620011735160643,0
-0.8721853467292577,-0.10804603923287617,1
-0.647602017603208,1.0369679383492438,1
-1.023675846675061,0.03536460857250277,1
-0.6116251913844939,0.5270859624336162,0
0.11578737844573829,-0.6932574226679094,0
0.8745150203780119,0.11112643619899822,0
0.936538093002765,0.08427544042866994,1
0.5957735874540462,-0.8330330349687833,1
0.6733950917279778,-0.7558021513925136,1
1.065244280774933,0.18545216838883638,1
0.5600819028733657,0.8544320782797596,1
-1.0063208125767524,0.17725584846749737,1
-0.8498152509392806,-0.21150768374202836,0
0.09715340476712599,-1.1125197139362433,1
0.3001921214700667,0.5862035416870245,0
0.6646638138930172,0.6687312537145853,1
0.6339930738723696,0.7253300711979658,0
0.8027091113597644,-0.21654316404413707,0
0.5216345313490524,0.5729421188984037,0
-0.721726852954687,-0.10376620307790406,0
0.3665151229279288,-0.8313190143758044,1
-0.17726792440519668,0.8867154740615338,0
-0.933684819040102,0.1388831867301174,1
-0.9269775086460036,0.3845038040045607,1
-1.0451377866089242,0.36227107532004565,1
-0.7590221287836585,-0.4415453000285758,0
0.6238911638639015,0.10825670801996838,0
0.5178488398228003,-0.7476961810811096,0
0.28515873513761064,-0.7273371302426376,0
-0.840368922782,-0.334991235964913,1
-0.16886595641734048,-0.872138195066374,1
-0.7817684273501944,0.3987631709541335,1
0.8966383465233683,-0.4368279909681817,0
-0.8779272300233506,0.3878164834925544,1
-0.7085221732821869,0.413532742467674,0
0.9900478134224058,0.20749967615299547,1
1.000792555181737,-0.1853445126001963,1
-0.8688950926587814,-0.07547967805988719,0
0.2058240365091179,-0.9874010602277242,1
0.5017631833343945,0.7886471118444354,1
0.025117241637466994,0.8404887211182727,0
-0.13350289844112492,-0.7487184306900718,0
-0.3256193456195459,-0.9228913939068142,1
0.4608160488415609,-0.36308428885558874,0
-0.23001826601406983,-0.8840472287558786,0
-0.5577254219321611,-0.7091889819449038,1
0.18266088787856816,0.9123948312086674,1
-0.7334922606679554,0.9847022826789695,1
-0.8358966754304309,0.6421518072735365,1
-0.15308802517340542,0.8044970998287309,0
0.8847258752721622,0.37996849121011567,1
0.03597407248046487,-1.0674992159804408,1
0.9690537634882842,-0.6155527118640947,1
0.7497526792841912,-0.18045810783576377,0
0.3489937604709558,0.7502615085054963,0
0.8188664721137261,-0.5870639624844871,0
-0.5817837115245108,-0.6416373340678958,0
-0.7349622416699375,0.30076029015797345,1
-0.6864234039644587,0.2582274655223452,0
-0.0282913629352336,1.0472477912359497,1
-0.8584592754555322,-0.4028545057207449,1
-0.7930163267971683,-0.28621212913495914,1
0.027958957705660915,0.7921102949594488,0
0.2607473923179861,-0.8159060819636892,1
0.2727618698213624,0.5380016197732118,0
0.8704115542774414,-0.3365406719941409,1
0.043028628462765665,1.0691026596939512,1
0.7638568391401093,0.3597063969119424,0
0.34021747745540853,-0.8972166306070382,0
0.38555870433167344,0.6330507059490857,1
0.8091284354000234,0.6738685533470461,1
0.027639432172202008,0.956271005425775,1
0.28620041012799124,0.7984345322319901,1
-1.0546569273519444,-0.09584617104218623,1
-0.674560403700188,-0.5484094981570862,1
0.6712540450347939,0.5524425585320457,0
-0.17312032617715864,0.9515886333218765,0
-0.30520421446725415,0.7586115309009901,0
0.8039479332236898,-0.8047079495356319,1
-0.8098829599627465,0.42269653093530807,1
-0.5782917648745747,0.5041892975075383,0
-0.28751751431568157,-0.8063656253796287,0
0.7705199693779022,0.23082660378343106,0
-1.0345534164198025,0.2895233714861791,1
-0.5052865285148443,-0.7933314923326882,0
-1.1470903413639908,0.15984968013405199,1
0.045510546466232496,-0.8544382626563992,0
0.6332200799240745,-0.524179578960081,0
0.683997016626002,0.7238259232150793,1
0.005162651041820732,-1.163670046099737,1
0.7597283249698286,-0.15693636536623753,0
0.7112998087470996,-0.3108791909933691,0
0.4823980471057561,-0.813102195347909,1
0.2899021726339942,-0.7852707620591597,0
0.942446859200541,0.10134216415822404,0
0.47654352416364876,-0.4658265717997518,0
1.0109609549340806,0.14109047644897407,1
0.7916254723312014,0.18593308325095573,0
0.30786891940838534,0.9659710890785549,1
0.9536592900972776,0.6466343184629589,1
-0.4240022518292585,0.7239413064714821,0
-0.1298374155054321,-0.8640604205073029,0
-0.5308464220973486,-0.7492142738532571,1
-0.0600272383067062,-1.0545585220429596,1
0.8732823255663692,0.5587074495561182,1
0.7945619724875299,0.3076551057265983,0
-0.31910878409718635,0.6528087579653333,0
-0.9432388784118668,-0.4330419992313743,1
-0.7505606390690484,0.4106206290802271,0
-0.6353800363582401,-0.3529346614998394,0
0.7328841665192056,0.3668692105138651,0
-0.2790353952028389,0.6874230520450036,0
-0.1594347985637798,-0.9489987545553638,1
-0.6525678846957343,-0.5769787309680892,0
0.1703667833478042,0.6409896133385857,0
0.35504677511294624,-0.680996099487616,0
0.4372176071404002,-0.7944120941214756,0
-0.5871308866858242,0.37341330540063844,0
-0.25541095254042256,0.8570511706486954,0
0.8977879683766081,-0.1555253343268711,0
0.48398763364048814,-1.0355780366458114,1
0.6542599943047975,0.7904782472985082,1
-0.7287333542844721,0.8739988624555598,1
-0.027266307756150007,-0.9076029771210639,1
-0.3836212453736155,-0.7099678622156987,0
0.4048571441039831,-0.962990674166008,1
0.5013890347413232,-0.6160669833811927,0
-1.0386942088688698,0.30923299247346775,1
-0.5345918038093266,0.4372700689059299,0
-0.4087857052214477,0.989052356731534,1
-0.0628487529644998,0.7930356910834165,0
0.21910446599845892,0.40054449003246306,0
0.5627239137179666,0.4081639594473569,0
-0.392881763875238,0.5732335083305877,0
0.8887601736040878,-0.20402247096762505,1
-0.6031075583681156,-0.08493391407744096,0
1.0471679682452741,0.24037080200883237,1
-0.849513530265982,0.40494405465859823,1
-0.6746413955576838,0.35532184844823256,0
-0.21476120316660652,0.9427045834099038,1
-0.609753710958513,-0.4776399504427114,0
0.7796978568913141,0.35055731385319056,0
0.33369399197902144,0.8841205825612022,1
-0.3451551728703354,-0.7466026495268616,0
-0.5462829431164856,0.3038195336125867,0
0.6214793448119258,-0.3439904681047233,0
0.6953342134628593,-0.38191126073462583,0
0.9234065462272584,0.26705688808175254,1
-0.05266398096684533,-0.7750988732640627,0
0.2704448163308961,-0.6171108826997758,0
-0.5052053889446749,-0.8268393973430681,1
0.469392368439547,-0.9061833050088922,1
-0.09036725565835897,-1.0318201485178249,1
-0.06432960572901186,-0.9866196398808568,1
-0.6335695520945834,0.5394325795167509,0
0.5177576848871551,0.5174129182941256,0
0.056796224571755656,0.768508800352322,0
0.43117045783421726,0.6374835827935468,0
-0.4961625057649909,-0.7382618877492406,1
-0.025727919963834535,0.8190926955738125,0
-0.471417185498783,-0.6835314688771678,0
0.4074241029015126,-0.8438569307291586,1
0.6474658008407436,0.5396725159935879,0
-0.9903945551533276,0.31538103752502333,1
0.7354128415449513,-0.1551223885540327,0
0.23031911021017706,-1.1799050337412207,1
-0.36208894774289774,0.8932910398107742,1
0.7328317862499283,0.37229337171864973,0
0.25320917307467916,-0.8592078105319588,0
0.9304208913105219,-0.3160389119158999,1
-0.6407200211613823,0.6159327340913378,1
0.9677686905167782,-0.10611388935434674,1
-0.8007119693382708,0.5917816553648755,1
0.055219619862655986,-0.7977831254199281,0
-0.8532436937737875,0.3070272074993831,0
0.7080616743529932,-0.38255467063730564,0
0.5594625276653281,-0.665556686290201,0
0.5186790669670014,0.7877377681632725,1
-0.8513656543844731,0.2796393422699875,0
-0.3796517712147541,-0.906251905411245,1
0.6094547734556922,-0.5753949234625727,1
-0.6490704783386323,-0.44059799293146124,0
0.3183037559658747,0.9623605508300579,0
0.643592395611302,-0.4501491095343546,1
-0.7435946428149102,-0.2687518617773288,0
0.4898853672152241,0.6621009025731381,0
0.4361417594186542,-0.8706256606202549,1
-0.23509216345239395,-1.0069824936598741,1
-0.8208729568263505,-0.716935724689309,1
0.6863734234486166,0.45311848792739085,0
